[{"@type":"mappingTemplate","id":"@1","name":"m_read_file","description":"","bundleVersion":"0","templateId":"@3","deployTime":1715683144000,"hasParameters":false,"valid":true,"fixedConnection":true,"hasParametersDeployed":false,"fixedConnectionDeployed":true,"isSchemaValidationEnabled":false,"tasks":1,"mappingPreviewFileRecordId":"@2","documentType":"MAPPING","references":[{"@type":"reference","refObjectId":"@2h9syZpaW9UljwBUS32hsE","refType":"connection"},{"@type":"reference","refObjectId":"@8jZHqCYHxNHhJh2vgOz4ih","refType":"connection"}]}]