[{"@type":"mappingTemplate","id":"@1","name":"m_GetIDMCSessionID","description":"","bundleVersion":"0","templateId":"@3","hasParameters":false,"valid":true,"fixedConnection":true,"hasParametersDeployed":false,"fixedConnectionDeployed":false,"isSchemaValidationEnabled":false,"tasks":1,"mappingPreviewFileRecordId":"@2","documentType":"MAPPING","references":[{"@type":"reference","refObjectId":"@9KejqW3HCxFlIAjShH6EKf","refType":"connection"},{"@type":"reference","refObjectId":"@25qWRHhWWwndVENTyaZU2h","refType":"connection"}]}]