[{"@type":"mappingTemplate","id":"@1","name":"m_monitoringtfkRunStatus","description":"","bundleVersion":"0","templateId":"@3","hasParameters":false,"valid":true,"fixedConnection":true,"hasParametersDeployed":false,"fixedConnectionDeployed":false,"isSchemaValidationEnabled":false,"tasks":1,"mappingPreviewFileRecordId":"@2","documentType":"MAPPING","references":[{"@type":"reference","refObjectId":"@9wiBTxKBLqegegxYRRhnMT","refType":"businessService"},{"@type":"reference","refObjectId":"@9wiBTxKBLqegegxYRRhnMT@MONITORINGTFKRUNSTATUS","refType":"businessOperation"},{"@type":"reference","refObjectId":"@25qWRHhWWwndVENTyaZU2h","refType":"connection"},{"@type":"reference","refObjectId":"@7lYJg3X21mehBKTLKbcNa6","refType":"connection"}]}]