[{"@type":"fileRecord","id":"@4","name":"metadata","type":"JSON","size":11843,"attachTime":1714651765000},{"@type":"fileRecord","id":"@5","name":"request","type":"XSD","size":7534,"attachTime":1714651765000},{"@type":"fileRecord","id":"@6","name":"response","type":"XSD","size":19900,"attachTime":1714651765000},{"@type":"fileRecord","id":"@3","name":"fault","type":"XSD","size":6658,"attachTime":1714651765000},{"@type":"fileRecord","id":"@2","name":"extension","type":"XML","size":40695,"attachTime":1714651765000}]